variant,attrs,threads,offered_ops_s,tput_ops_s,loss_pct
otel-log/grpc,0,1,13063848.521070777,631484.3995614216,95.16616869414173
otel-log/noop,0,1,2942352.100350896,,
otel-span/grpc,0,1,7928761.410756271,1053225.4033308334,86.71639429202634
otel-span/noop,0,1,6085553.140267132,,
quent-log/grpc,0,1,9019545.747986125,8608002.83182634,0
quent-log/msgpack,0,1,9356876.47589229,8565408.178509548,0
quent-log/ndjson,0,1,5736567.558876358,5730898.754701776,0
quent-log/noop,0,1,13122369.11671949,,
quent-log/postcard,0,1,6015997.258630369,6013873.814445965,0
quent-span/grpc,0,1,3182006.3649514215,715067.1688012293,0
quent-span/msgpack,0,1,2237474.812060814,2054832.6862502529,0
quent-span/ndjson,0,1,3774460.680240928,2029202.4101624354,0
quent-span/noop,0,1,9321773.141450971,,
quent-span/postcard,0,1,2147043.0770839103,1932426.1923801755,0
tracing-log/file,0,1,1528709.4715280784,1528708.7283774975,0.0000486129375643074
tracing-span/file,0,1,568787.927646417,568787.8095617486,0.00002076075504842123
otel-log/grpc,0,2,17125667.669842612,486656.24287391553,97.15832251182304
otel-log/noop,0,2,7238921.299671007,,
otel-span/grpc,0,2,8133776.283606689,1205954.2831171919,85.17350070781089
otel-span/noop,0,2,5232192.964406681,,
quent-log/grpc,0,2,6856377.11343925,6839934.730470029,0
quent-log/msgpack,0,2,6878950.127477436,6866764.221870398,0
quent-log/ndjson,0,2,6262511.695984266,6260278.300984884,0
quent-log/noop,0,2,11908629.586643666,,
quent-log/postcard,0,2,7562407.091338704,3456049.9604370412,0
quent-span/grpc,0,2,3602054.784947964,725061.7324628371,0
quent-span/msgpack,0,2,3540584.4601032417,2654175.934236188,0
quent-span/ndjson,0,2,3725046.190293381,3127140.385895597,0
quent-span/noop,0,2,10226055.234053493,,
quent-span/postcard,0,2,3903822.340980315,3070533.0331428763,0
tracing-log/file,0,2,2686559.4717974765,2686556.1156168343,0.0001249248593793162
tracing-span/file,0,2,788895.2162054394,788895.0139399011,0.000025639087941620176
otel-log/grpc,0,4,23457425.066721715,641082.8733651609,97.2670364648222
otel-log/noop,0,4,8043167.357480906,,
otel-span/grpc,0,4,7550052.364331929,1066276.6638840362,85.87722823060994
otel-span/noop,0,4,6437457.37055378,,
quent-log/grpc,0,4,5950203.691389151,5930670.374363634,0
quent-log/msgpack,0,4,5848838.973441378,5837387.136016876,0
quent-log/ndjson,0,4,5731664.908344717,5728055.058523467,0
quent-log/noop,0,4,4758261.814001573,,
quent-log/postcard,0,4,5700415.902059193,5694504.956468642,0
quent-span/grpc,0,4,4828953.388505687,686812.8464728924,0
quent-span/msgpack,0,4,4416817.242775733,3028682.882284287,0
quent-span/ndjson,0,4,4675530.317292265,3019451.045471865,0
quent-span/noop,0,4,5672351.574937207,,
quent-span/postcard,0,4,4590196.842375133,3592161.475474866,0
tracing-log/file,0,4,4746485.262075451,3097729.953696351,34.7363410469785
tracing-span/file,0,4,1952554.9264195785,1952554.1372384538,0.00004041787066144664
otel-log/grpc,0,8,26953119.751511645,688485.7085530327,97.4456177433248
otel-log/noop,0,8,4781071.565553398,,
otel-span/grpc,0,8,9445244.028954037,758981.5607698798,91.96440495932926
otel-span/noop,0,8,7015864.138688985,,
quent-log/grpc,0,8,4014974.046454956,4010501.7957292497,0
quent-log/msgpack,0,8,3904410.6184312133,3903427.265543671,0
quent-log/ndjson,0,8,3957199.664468249,3956539.299111962,0
quent-log/noop,0,8,3721293.049976343,,
quent-log/postcard,0,8,3964810.2394935493,3963850.3900084924,0
quent-span/grpc,0,8,4818487.050719599,735465.8102477182,0
quent-span/msgpack,0,8,4584888.22080343,3204237.3193185246,0
quent-span/ndjson,0,8,4627141.919611192,3360204.5079603144,0
quent-span/noop,0,8,3755929.3024882847,,
quent-span/postcard,0,8,4677787.637436646,3848909.524740327,0
tracing-log/file,0,8,7159087.971424243,2959041.127162262,58.667345072816815
tracing-span/file,0,8,3615432.0399800697,2306884.0601714402,36.1934055277068
otel-log/grpc,0,16,26509027.026191633,680201.2648512112,97.43407683662191
otel-log/noop,0,16,4234702.446017701,,
otel-span/grpc,0,16,8179852.845756082,921679.0259940344,88.7323275445936
otel-span/noop,0,16,4762818.191053503,,
quent-log/grpc,0,16,4113986.0468403636,4111455.430656506,0
quent-log/msgpack,0,16,3971793.7269660663,3951880.2541396497,0
quent-log/ndjson,0,16,3935783.9149466543,3927614.1806242913,0
quent-log/noop,0,16,3775770.3001378127,,
quent-log/postcard,0,16,3930746.26485504,3930283.2135947333,0
quent-span/grpc,0,16,4090677.8681316935,688263.6435898384,0
quent-span/msgpack,0,16,4068959.165596122,3246329.1581168636,0
quent-span/ndjson,0,16,4041167.1025567167,3325669.8647799096,0
quent-span/noop,0,16,4046775.136022735,,
quent-span/postcard,0,16,4185581.5275888788,3935615.634490497,0
tracing-log/file,0,16,5495673.95933808,3105233.657245939,43.49676345028399
tracing-span/file,0,16,6101613.749312966,2179464.97933321,64.28051546890174
otel-log/grpc,0,32,25720143.109448273,682029.785844227,97.34826597604084
otel-log/noop,0,32,5970486.773368699,,
otel-span/grpc,0,32,8552885.73188572,555709.6720698258,93.50266460361905
otel-span/noop,0,32,5254522.225735745,,
quent-log/grpc,0,32,4374914.76025454,4371464.228587992,0
quent-log/msgpack,0,32,4355669.07513243,4354950.407131249,0
quent-log/ndjson,0,32,4393537.212205738,4392741.930492441,0
quent-log/noop,0,32,4026287.713003957,,
quent-log/postcard,0,32,4344646.919907534,4343913.307045201,0
quent-span/grpc,0,32,4367619.616844673,752914.2090323399,0
quent-span/msgpack,0,32,3051372.2610735735,2151390.142415778,0
quent-span/ndjson,0,32,4361474.962556084,2601457.90201351,0
quent-span/noop,0,32,4294820.569225382,,
quent-span/postcard,0,32,3517284.6596193668,2484730.893829511,0
tracing-log/file,0,32,4584936.6962031415,3394834.061540277,25.956795339146275
tracing-span/file,0,32,6008965.286072341,2076233.583040636,65.44773543869596
otel-log/grpc,1,1,9051405.547963087,1247244.4172701603,86.22043382476838
otel-log/noop,1,1,2332771.920666999,,
otel-span/grpc,1,1,7498358.918540037,115393.35926788936,98.46108514514323
otel-span/noop,1,1,1916421.1812581373,,
quent-log/grpc,1,1,4622431.839850414,989028.8645121857,0
quent-log/msgpack,1,1,1541026.652004322,1438602.3682216082,0
quent-log/ndjson,1,1,2673834.7934995852,2672717.7888311734,0
quent-log/noop,1,1,11374235.664870225,,
quent-log/postcard,1,1,1596619.404928101,1495857.0354623008,0
quent-span/grpc,1,1,2887533.1577417683,623699.3866103955,0
quent-span/msgpack,1,1,1068976.565390642,871291.2749551294,0
quent-span/ndjson,1,1,2006548.666535894,1849653.297425348,0
quent-span/noop,1,1,8450991.63048438,,
quent-span/postcard,1,1,1203177.3147982352,1082671.583574913,0
tracing-log/file,1,1,1174482.757514651,1174482.2540303087,0.000042868602290191404
tracing-span/file,1,1,464591.64025654254,464591.60518166894,0.0000075496135898411865
otel-log/grpc,1,2,14076039.8086734,1272175.1978283313,90.96212276236643
otel-log/noop,1,2,5726060.047960619,,
otel-span/grpc,1,2,8061830.921695061,118275.87488239263,98.5328906543537
otel-span/noop,1,2,3999126.3428608854,,
quent-log/grpc,1,2,6382150.544317824,1011966.8326372892,0
quent-log/msgpack,1,2,4500465.711567182,3180192.5093281325,0
quent-log/ndjson,1,2,5077580.092352042,3722720.4212803165,0
quent-log/noop,1,2,14345119.063197164,,
quent-log/postcard,1,2,4061993.734045644,2922397.8169466206,0
quent-span/grpc,1,2,3226562.9557268103,579909.7705456021,0
quent-span/msgpack,1,2,2630439.039688364,1768969.476518362,0
quent-span/ndjson,1,2,3130508.0800526636,2445386.7288448955,0
quent-span/noop,1,2,8756080.589021891,,
quent-span/postcard,1,2,2712560.190422159,2001925.560107692,0
tracing-log/file,1,2,1968404.2477947145,1968402.812250799,0.00007292932420188691
tracing-span/file,1,2,848959.6370855119,848959.3675316554,0.000031751080353803474
otel-log/grpc,1,4,24171254.10884127,510062.70642959734,97.88979626736443
otel-log/noop,1,4,9221062.289428398,,
otel-span/grpc,1,4,7531684.979638599,106675.38078031158,98.58364521260911
otel-span/noop,1,4,5459741.7140878225,,
quent-log/grpc,1,4,5834265.551730741,1001254.6812523694,0
quent-log/msgpack,1,4,6419801.7707090825,3782097.5080107474,0
quent-log/ndjson,1,4,5716774.667306724,3575897.0698768636,0
quent-log/noop,1,4,4614869.461056577,,
quent-log/postcard,1,4,5982893.441840883,3777386.4674011697,0
quent-span/grpc,1,4,4528893.308988117,544760.0823796329,0
quent-span/msgpack,1,4,3562482.6367936106,2119614.4178466126,0
quent-span/ndjson,1,4,4373474.212384419,2601667.869693066,0
quent-span/noop,1,4,5855144.292302293,,
quent-span/postcard,1,4,3893894.0202213265,2524464.309083838,0
tracing-log/file,1,4,3790790.2152774977,2491847.3519275817,34.26575435683479
tracing-span/file,1,4,1575473.1772595767,1575437.2370436722,0.0022812331192501034
otel-log/grpc,1,8,27096492.180250417,243072.1956414676,99.10293851313111
otel-log/noop,1,8,4907375.459711585,,
otel-span/grpc,1,8,9358503.283713972,101946.36507256138,98.91065524067324
otel-span/noop,1,8,7311445.497633797,,
quent-log/grpc,1,8,3941993.556925849,1079453.6366791131,0
quent-log/msgpack,1,8,3959419.732942603,3217566.4766407837,0
quent-log/ndjson,1,8,4132084.5110617825,3840085.514096297,0
quent-log/noop,1,8,3480124.0614114106,,
quent-log/postcard,1,8,3970579.814161459,3389484.505300364,0
quent-span/grpc,1,8,4352291.41494872,525773.7681891659,0
quent-span/msgpack,1,8,4285564.052205319,2584537.1240360267,0
quent-span/ndjson,1,8,4494902.370551953,2630497.740112429,0
quent-span/noop,1,8,3717611.190785921,,
quent-span/postcard,1,8,4307630.268538468,2547404.8154230076,0
tracing-log/file,1,8,6630189.441817148,2366834.7259097234,64.30215536554805
tracing-span/file,1,8,3000159.252953386,2204220.0848928113,26.529897280520842
otel-log/grpc,1,16,30071640.872917186,440104.11159105645,98.53648122012717
otel-log/noop,1,16,4128312.0929302373,,
otel-span/grpc,1,16,9283303.488054145,93935.84621351161,98.98812048604907
otel-span/noop,1,16,4759751.031226834,,
quent-log/grpc,1,16,4079416.5474858326,1070186.1773890757,0
quent-log/msgpack,1,16,3994322.805087963,3409814.2159314635,0
quent-log/ndjson,1,16,3953579.2313200994,3633586.776677164,0
quent-log/noop,1,16,3698701.1624353835,,
quent-log/postcard,1,16,3923950.696344291,3502275.387167307,0
quent-span/grpc,1,16,4016146.023503077,549379.9467318951,0
quent-span/msgpack,1,16,4005847.0465128073,2668520.573301598,0
quent-span/ndjson,1,16,3768448.744660666,2541185.6760183987,0
quent-span/noop,1,16,3976015.7979830904,,
quent-span/postcard,1,16,3968122.5871793404,2466889.751124966,0
tracing-log/file,1,16,7245897.558478515,2502560.297490562,65.46238368271871
tracing-span/file,1,16,5558941.25961273,2003610.8096731268,63.95697101119017
otel-log/grpc,1,32,28042136.05755581,308585.7797704512,98.89956393073236
otel-log/noop,1,32,7711773.87055442,,
otel-span/grpc,1,32,8928073.608752796,92759.08090871836,98.96104036577633
otel-span/noop,1,32,8146323.778937855,,
quent-log/grpc,1,32,4265454.831612277,1007824.8052023054,0
quent-log/msgpack,1,32,4195239.859765969,3431924.1046457496,0
quent-log/ndjson,1,32,3804406.02833016,3031508.266125755,0
quent-log/noop,1,32,3999945.5207420075,,
quent-log/postcard,1,32,4147766.719520621,3504290.728910729,0
quent-span/grpc,1,32,3175789.659701911,541084.5069805966,0
quent-span/msgpack,1,32,3382134.1926948503,2063038.5355793277,0
quent-span/ndjson,1,32,4149576.0928962114,2450969.269682346,0
quent-span/noop,1,32,4312752.775022444,,
quent-span/postcard,1,32,4089560.9931521774,2680080.282662493,0
tracing-log/file,1,32,5149339.284156979,2382385.0621315828,53.73416023563471
tracing-span/file,1,32,6731036.307287248,1549088.6592048695,76.98588169064288
otel-log/grpc,2,1,7606366.371962185,842644.0625503359,88.92185806804672
otel-log/noop,2,1,2034557.970160251,,
otel-span/grpc,2,1,6347494.681775384,634157.1205136052,90.00933199149634
otel-span/noop,2,1,2262136.919361454,,
quent-log/grpc,2,1,3288761.1914076773,947827.0024543814,0
quent-log/msgpack,2,1,1309833.982576997,1172498.781718072,0
quent-log/ndjson,2,1,2295740.1107407636,2091633.685298669,0
quent-log/noop,2,1,10415745.090220872,,
quent-log/postcard,2,1,1286493.9720942206,1188040.027418467,0
quent-span/grpc,2,1,2416976.8716498185,529807.534689696,0
quent-span/msgpack,2,1,962388.0498431916,867994.0636011123,0
quent-span/ndjson,2,1,1904608.6998520019,1560944.699091586,0
quent-span/noop,2,1,7676562.855214953,,
quent-span/postcard,2,1,1117295.8239337888,1007427.5330036447,0
tracing-log/file,2,1,1160736.509206582,1160735.991166409,0.000044630298856596085
tracing-span/file,2,1,370943.3494576676,370943.3009540376,0.000013075751348345932
otel-log/grpc,2,2,13801280.278525295,593423.7699481423,95.7002266603374
otel-log/noop,2,2,6130950.487109073,,
otel-span/grpc,2,2,5629433.710324687,572942.104121395,89.82238474412465
otel-span/noop,2,2,3699334.3582376167,,
quent-log/grpc,2,2,5155650.77240542,829266.7188762765,0
quent-log/msgpack,2,2,3077747.4681549086,2201627.4359554504,0
quent-log/ndjson,2,2,4033715.8054927797,2873775.3079633173,0
quent-log/noop,2,2,13422337.92993376,,
quent-log/postcard,2,2,3676663.2818875546,2695866.7642042045,0
quent-span/grpc,2,2,3444601.6717568175,508419.7583666665,0
quent-span/msgpack,2,2,2621542.571697767,1822465.7824622795,0
quent-span/ndjson,2,2,2960501.9568962343,2176300.0685320157,0
quent-span/noop,2,2,8857032.936302956,,
quent-span/postcard,2,2,2371606.880522483,1575261.079242398,0
tracing-log/file,2,2,1867480.79691206,1867480.1377777169,0.00003529537461188781
tracing-span/file,2,2,781413.8914908268,781413.7757806904,0.000014807791071103082
otel-log/grpc,2,4,26184667.34023232,372070.84223747184,98.5790507192513
otel-log/noop,2,4,11834900.627250917,,
otel-span/grpc,2,4,8157970.616703012,561845.4198176999,93.11292665522292
otel-span/noop,2,4,5747950.474853996,,
quent-log/grpc,2,4,5592045.8449115595,922682.7579710096,0
quent-log/msgpack,2,4,5925335.077846785,3456862.0637437487,0
quent-log/ndjson,2,4,7292213.153476049,3563426.8010977744,0
quent-log/noop,2,4,4857182.879635902,,
quent-log/postcard,2,4,6014398.349360402,3663765.424253219,0
quent-span/grpc,2,4,4463377.257607461,513354.0291582393,0
quent-span/msgpack,2,4,3580134.275263081,2160497.9037666465,0
quent-span/ndjson,2,4,3995231.052501871,1953879.5924964102,0
quent-span/noop,2,4,5663674.054923807,,
quent-span/postcard,2,4,3370003.191797423,2070287.2650178277,0
tracing-log/file,2,4,3167608.752576858,2081470.6537727856,34.28889688224584
tracing-span/file,2,4,1505095.5510324473,1505095.1987764176,0.0000234042303426385
otel-log/grpc,2,8,24883499.808509026,1004417.4020789119,95.96352036567039
otel-log/noop,2,8,7073701.479293128,,
otel-span/grpc,2,8,8987576.876923988,96855.63550573391,98.92233872564233
otel-span/noop,2,8,7740055.768882028,,
quent-log/grpc,2,8,3884604.6566072903,923643.573151388,0
quent-log/msgpack,2,8,3819228.0095888134,2902794.4207681646,0
quent-log/ndjson,2,8,3940332.5295875873,3273494.0208510538,0
quent-log/noop,2,8,3416332.3709997633,,
quent-log/postcard,2,8,3871785.887762464,3131185.0837131017,0
quent-span/grpc,2,8,4520410.607700406,529112.3953558443,0
quent-span/msgpack,2,8,4413511.612721418,2474385.841319747,0
quent-span/ndjson,2,8,3872962.7550243097,2059491.5924432506,0
quent-span/noop,2,8,3895927.7242760626,,
quent-span/postcard,2,8,4627991.1600648295,2689611.0463767303,0
tracing-log/file,2,8,6028749.999457412,2292855.8307938236,61.96797294629599
tracing-span/file,2,8,2834241.4493294978,2124745.2102050586,25.033020362195547
otel-log/grpc,2,16,29408814.74227416,393067.0740671517,98.66343789264607
otel-log/noop,2,16,3949382.057665453,,
otel-span/grpc,2,16,8384899.557246279,359903.92355843267,95.70771335898232
otel-span/noop,2,16,4622709.999897815,,
quent-log/grpc,2,16,3953459.0107643,956092.3156293008,0
quent-log/msgpack,2,16,3676897.135339002,2809353.1987080607,0
quent-log/ndjson,2,16,3805218.121866521,3155424.9475384178,0
quent-log/noop,2,16,3687141.174795151,,
quent-log/postcard,2,16,3959641.6455413024,3270448.0089104534,0
quent-span/grpc,2,16,3935373.6016724757,516176.501847277,0
quent-span/msgpack,2,16,3870190.512798424,2389262.3805743777,0
quent-span/ndjson,2,16,3781504.045814162,2309436.0953813368,0
quent-span/noop,2,16,3934719.7415399067,,
quent-span/postcard,2,16,3977318.2845158847,2615257.541428893,0
tracing-log/file,2,16,7263938.620183552,2394217.4323410946,67.03967974497291
tracing-span/file,2,16,5291806.313686922,1871490.0653162492,64.63419191145076
otel-log/grpc,2,32,25950980.15554498,487355.50700277014,98.1220150295609
otel-log/noop,2,32,10165740.86671592,,
otel-span/grpc,2,32,9816833.97758597,529455.0982582828,94.60666137914579
otel-span/noop,2,32,5755198.532709832,,
quent-log/grpc,2,32,4116346.932437344,950418.6763443822,0
quent-log/msgpack,2,32,4117692.928711669,2970993.492350709,0
quent-log/ndjson,2,32,4061585.2237563753,3111400.462365621,0
quent-log/noop,2,32,3978828.518174623,,
quent-log/postcard,2,32,4138588.756133078,3350067.2037718864,0
quent-span/grpc,2,32,2657712.4648365043,478036.08896310226,0
quent-span/msgpack,2,32,2578909.721429073,1691725.3598374275,0
quent-span/ndjson,2,32,4156249.063025602,2220002.1879675565,0
quent-span/noop,2,32,4320073.670734716,,
quent-span/postcard,2,32,2573391.908433899,1741985.1242657716,0
tracing-log/file,2,32,5157451.475060519,2722981.357134958,47.202967002166396
tracing-span/file,2,32,6153189.10684688,1585893.9445082427,74.22647155856853
otel-log/grpc,4,1,3434670.0503020994,94353.65722598713,97.25290476685852
otel-log/noop,4,1,1138818.418346471,,
otel-span/grpc,4,1,5532413.362883908,381794.5809898424,93.09895056737368
otel-span/noop,4,1,1467781.3592270827,,
quent-log/grpc,4,1,1998614.278777338,629180.1636874862,0
quent-log/msgpack,4,1,860233.0960889022,740056.7474033796,0
quent-log/ndjson,4,1,1435320.1944261484,910631.9695032813,0
quent-log/noop,4,1,8463295.057489006,,
quent-log/postcard,4,1,882702.4343542441,826911.6521765223,0
quent-span/grpc,4,1,1673929.084722485,418986.5205736869,0
quent-span/msgpack,4,1,686992.1874403444,584005.2434840705,0
quent-span/ndjson,4,1,1154982.5602888567,821773.021156297,0
quent-span/noop,4,1,6506667.326703,,
quent-span/postcard,4,1,683722.5904779633,616436.7785084476,0
tracing-log/file,4,1,840011.9695993586,840011.7011109929,0.000031962445223854274
tracing-span/file,4,1,271360.8556510556,271360.8278531989,0.000010243871240156466
otel-log/grpc,4,2,6704472.853865975,103072.55927687389,98.4626299259689
otel-log/noop,4,2,4156426.616958021,,
otel-span/grpc,4,2,5847972.504423932,421483.0897135341,92.79266293754482
otel-span/noop,4,2,3376075.3247239226,,
quent-log/grpc,4,2,3832436.2155855894,717350.5725741268,0
quent-log/msgpack,4,2,2168743.525046773,1519256.6282787158,0
quent-log/ndjson,4,2,3456381.3922755993,1795633.3192791508,0
quent-log/noop,4,2,12829805.958871376,,
quent-log/postcard,4,2,3107613.890832719,2180131.304032524,0
quent-span/grpc,4,2,2603388.9313420625,462064.22985281615,0
quent-span/msgpack,4,2,2009527.2732981245,1182143.051601167,0
quent-span/ndjson,4,2,2621945.74276315,1367413.864014584,0
quent-span/noop,4,2,8404298.247231495,,
quent-span/postcard,4,2,1850788.2929319327,1053493.4558053187,0
tracing-log/file,4,2,1558473.9504118212,1558473.1756119102,0.00004971529430353172
tracing-span/file,4,2,561315.3568146137,560626.5680031332,0.12270977501653846
otel-log/grpc,4,4,12721936.406958258,102360.3565113302,99.19540270256859
otel-log/noop,4,4,9663247.236441744,,
otel-span/grpc,4,4,8010984.886784336,140457.91337346486,98.24668358062718
otel-span/noop,4,4,5943225.342987398,,
quent-log/grpc,4,4,5613083.471151138,708206.3673794136,0
quent-log/msgpack,4,4,4958318.9945978895,2319555.468050068,0
quent-log/ndjson,4,4,5367530.096593346,1922050.4520330147,0
quent-log/noop,4,4,5062836.637500846,,
quent-log/postcard,4,4,5612785.764322897,3069765.4983419552,0
quent-span/grpc,4,4,3810360.3324022703,446359.88461304165,0
quent-span/msgpack,4,4,3091368.456739389,1388287.9029120733,0
quent-span/ndjson,4,4,3526093.524024236,1580369.8655753592,0
quent-span/noop,4,4,5849129.147873743,,
quent-span/postcard,4,4,3318518.3997401414,1670033.0552815695,0
tracing-log/file,4,4,2749448.2043041713,2150789.9135491517,21.773761361201117
tracing-span/file,4,4,1123160.5749361042,1123160.4563560872,0.000010557708274294697
otel-log/grpc,4,8,26007651.16488855,91308.35525502419,99.64891733330269
otel-log/noop,4,8,16698193.830680298,,
otel-span/grpc,4,8,8001833.732225412,79969.02029717696,99.00061632154238
otel-span/noop,4,8,7230471.76471131,,
quent-log/grpc,4,8,3663327.2233614405,815365.5746917452,0
quent-log/msgpack,4,8,4117730.4428649973,2278971.668046423,0
quent-log/ndjson,4,8,3817842.5393571793,2199359.7384482687,0
quent-log/noop,4,8,3501402.595353049,,
quent-log/postcard,4,8,3954462.3570912173,2530813.854487937,0
quent-span/grpc,4,8,4450215.899776759,468972.9531859647,0
quent-span/msgpack,4,8,4592537.996500891,1655747.0384048033,0
quent-span/ndjson,4,8,4337569.827663016,1715013.0709292449,0
quent-span/noop,4,8,3663441.0684738,,
quent-span/postcard,4,8,4480872.50402295,1829419.7574838481,0
tracing-log/file,4,8,5354492.087150334,1800932.2044403313,66.36595637591485
tracing-span/file,4,8,2492991.7483406602,1771503.8049396179,28.9406470711853
otel-log/grpc,4,16,27843584.93061191,128103.71779121488,99.53991658002927
otel-log/noop,4,16,9235231.197202038,,
otel-span/grpc,4,16,8875958.550267678,148771.95150013425,98.32387735186474
otel-span/noop,4,16,5704551.02834558,,
quent-log/grpc,4,16,3945582.121045993,858209.3104520851,0
quent-log/msgpack,4,16,3783581.950138538,2180537.4855474113,0
quent-log/ndjson,4,16,3444881.020914605,2115690.2862485372,0
quent-log/noop,4,16,3740260.3293750295,,
quent-log/postcard,4,16,3906830.8282340127,2816140.292990194,0
quent-span/grpc,4,16,3879699.8499696795,478317.26333693607,0
quent-span/msgpack,4,16,3734457.2565851305,1590220.1625386768,0
quent-span/ndjson,4,16,3856274.735604308,1690508.8297942958,0
quent-span/noop,4,16,3927822.552729113,,
quent-span/postcard,4,16,3859654.7700913656,1813865.496027381,0
tracing-log/file,4,16,7273688.378234908,2222822.469182488,69.44022958374391
tracing-span/file,4,16,4557947.620909161,1743716.8539665258,61.74337664681826
otel-log/grpc,4,32,31371058.95581932,97207.24841366326,99.69013717850403
otel-log/noop,4,32,17153939.911343805,,
otel-span/grpc,4,32,9154263.962551408,333870.84338358155,96.35283792613592
otel-span/noop,4,32,5688637.986074704,,
quent-log/grpc,4,32,4022291.6610543127,785448.5322890764,0
quent-log/msgpack,4,32,3892214.0527633284,2156641.0747451712,0
quent-log/ndjson,4,32,3313582.05374033,1524817.1903913321,0
quent-log/noop,4,32,3965199.1284936415,,
quent-log/postcard,4,32,4057385.740715844,2661544.559648883,0
quent-span/grpc,4,32,3854892.1378917815,492353.49893811817,0
quent-span/msgpack,4,32,3454049.734979572,1478294.606819092,0
quent-span/ndjson,4,32,2989450.9376356816,1382218.607130818,0
quent-span/noop,4,32,4178200.7726959777,,
quent-span/postcard,4,32,3281591.479589248,1415195.7133625608,0
tracing-log/file,4,32,5105363.848164529,2652176.3816568027,48.051177927106835
tracing-span/file,4,32,6346338.328106795,1016295.404899085,83.98611368703595
otel-log/grpc,8,1,1334966.1090218201,198423.69218635117,85.13642474925871
otel-log/noop,8,1,645182.5955006246,,
otel-span/grpc,8,1,2506310.4982235115,40087.993879167,98.40051765702687
otel-span/noop,8,1,773540.8418112204,,
quent-log/grpc,8,1,1181366.2868748896,474227.1908633189,0
quent-log/msgpack,8,1,599567.8875861822,519436.39544996346,0
quent-log/ndjson,8,1,980489.769906294,741036.2242693845,0
quent-log/noop,8,1,4495495.016117777,,
quent-log/postcard,8,1,564805.4331246272,519219.2093991935,0
quent-span/grpc,8,1,1053858.2655311488,369837.9634866475,0
quent-span/msgpack,8,1,486425.3569911812,415938.9578034613,0
quent-span/ndjson,8,1,848023.6545208042,611448.0236429218,0
quent-span/noop,8,1,3780142.18993507,,
quent-span/postcard,8,1,515318.6364520056,473328.7180264916,0
tracing-log/file,8,1,555151.6298512252,555151.516127909,0.00002048509093466322
tracing-span/file,8,1,230598.6735601104,230598.6541509639,0.00000841685088293076
otel-log/grpc,8,2,3301782.397724892,183734.35117735114,94.4352979983189
otel-log/noop,8,2,2757346.5635453793,,
otel-span/grpc,8,2,3909042.407647236,40744.708086647915,98.95768058164477
otel-span/noop,8,2,2319684.1271278113,,
quent-log/grpc,8,2,2698163.2654247866,551303.9360480686,0
quent-log/msgpack,8,2,1747647.2425701322,1124338.1853113328,0
quent-log/ndjson,8,2,2407590.072157882,1231800.9903108405,0
quent-log/noop,8,2,5875783.020800337,,
quent-log/postcard,8,2,1881393.122578164,1311326.8334962279,0
quent-span/grpc,8,2,2301129.44138793,380897.37037566554,0
quent-span/msgpack,8,2,1270360.2793646494,845418.8211793692,0
quent-span/ndjson,8,2,2016064.0487419774,1025864.0063892863,0
quent-span/noop,8,2,5035736.747887821,,
quent-span/postcard,8,2,1254146.068161433,953904.5851100847,0
tracing-log/file,8,2,1115243.0065245356,1115242.604787951,0.000036022336136198874
tracing-span/file,8,2,472699.27924390347,472699.20684786147,0.00001531545428257175
otel-log/grpc,8,4,7483730.650206351,155755.9583406596,97.91873912062343
otel-log/noop,8,4,6274672.522174332,,
otel-span/grpc,8,4,6510464.287152517,46292.39235929367,99.28895405431153
otel-span/noop,8,4,5003853.505113189,,
quent-log/grpc,8,4,4359524.244770406,634637.1672790817,0
quent-log/msgpack,8,4,3346436.3102836427,1481909.3657963402,0
quent-log/ndjson,8,4,3505628.297625129,1413672.151097074,0
quent-log/noop,8,4,5345662.583771644,,
quent-log/postcard,8,4,3739399.191255457,1923584.0371667212,0
quent-span/grpc,8,4,2930113.061723514,362518.04260228114,0
quent-span/msgpack,8,4,2210528.0840955973,1000544.4993181624,0
quent-span/ndjson,8,4,2662503.8135541338,1142135.1548456561,0
quent-span/noop,8,4,6939553.986537821,,
quent-span/postcard,8,4,2805707.091600732,1487524.1295472716,0
tracing-log/file,8,4,1955189.7223528337,1916121.5988126667,1.9981755782325417
tracing-span/file,8,4,981978.9038408314,981978.656984556,0.000025138653625411678
otel-log/grpc,8,8,15275526.504627138,154483.15140215046,98.98868853158446
otel-log/noop,8,8,12559689.295391886,,
otel-span/grpc,8,8,9419682.026199225,53447.36457439424,99.43259905774165
otel-span/noop,8,8,8373562.860060063,,
quent-log/grpc,8,8,4046289.6015977534,583232.435725842,0
quent-log/msgpack,8,8,3886725.7618961954,1502666.5622072981,0
quent-log/ndjson,8,8,3245503.2011534,1343719.8181212877,0
quent-log/noop,8,8,3886337.8697227454,,
quent-log/postcard,8,8,3380628.472152649,1832733.246984473,0
quent-span/grpc,8,8,3575929.753849463,375578.8160154626,0
quent-span/msgpack,8,8,4301691.761377785,1316781.304549723,0
quent-span/ndjson,8,8,3501540.8670647154,1262521.9905843597,0
quent-span/noop,8,8,3848052.430822609,,
quent-span/postcard,8,8,4098599.8779104967,1602925.7125865764,0
tracing-log/file,8,8,3805275.2306010583,1916398.4528590327,49.63837471077408
tracing-span/file,8,8,2063319.4442222936,1594644.5657166576,22.714605817243626
otel-log/grpc,8,16,28751106.558213655,66829.86589837585,99.76755723901249
otel-log/noop,8,16,19701531.25817367,,
otel-span/grpc,8,16,9168474.510290803,52082.15337063397,99.43194308592803
otel-span/noop,8,16,7576010.654689256,,
quent-log/grpc,8,16,3845720.7736210353,617550.965931598,0
quent-log/msgpack,8,16,3646370.2642034637,1530155.7248891678,0
quent-log/ndjson,8,16,3772358.056526171,1587622.7923729003,0
quent-log/noop,8,16,3737850.3999498994,,
quent-log/postcard,8,16,3782796.693657898,1966672.8987253036,0
quent-span/grpc,8,16,3781525.266796156,383496.5892183429,0
quent-span/msgpack,8,16,3853043.139154543,1390828.3062400536,0
quent-span/ndjson,8,16,3831846.1746737114,1303770.1198782728,0
quent-span/noop,8,16,3963137.7854106934,,
quent-span/postcard,8,16,3706368.8849323974,1644563.8761815357,0
tracing-log/file,8,16,6346671.1462317845,1949090.3493872744,69.2895644901263
tracing-span/file,8,16,3808445.591424694,1575134.2037134604,58.64102122765993
otel-log/grpc,8,32,26188921.722085547,107238.64607209335,99.59051904767176
otel-log/noop,8,32,20696547.051214445,,
otel-span/grpc,8,32,9377298.522388127,41268.149830048,99.55991430014176
otel-span/noop,8,32,10083350.640144289,,
quent-log/grpc,8,32,3880085.100820092,639808.5596562302,0
quent-log/msgpack,8,32,3971938.6506271837,1542099.9893423156,0
quent-log/ndjson,8,32,3852037.856202491,1607899.1480118663,0
quent-log/noop,8,32,4033078.09662509,,
quent-log/postcard,8,32,3958111.44902696,1927546.4120528204,0
quent-span/grpc,8,32,2898517.568117152,378104.3481921774,0
quent-span/msgpack,8,32,3229298.6151353107,1233955.3840627396,0
quent-span/ndjson,8,32,2789146.2060037674,1082830.4428278245,0
quent-span/noop,8,32,4229354.547459952,,
quent-span/postcard,8,32,3337855.0643950603,1270777.5771464256,0
tracing-log/file,8,32,5797143.239116626,1752788.9863898002,69.7646079440864
tracing-span/file,8,32,4957064.767687197,1485464.0015323923,70.0333953428359
otel-log/grpc,16,1,561434.5590579645,136170.33162908535,75.74600112654863
otel-log/noop,16,1,260372.2616013614,,
otel-span/grpc,16,1,1013868.9218388312,135271.24148938796,86.65791616888211
otel-span/noop,16,1,417484.02410806,,
quent-log/grpc,16,1,690218.2953402672,316528.9490648201,0
quent-log/msgpack,16,1,308405.2385454142,273544.31425700657,0
quent-log/ndjson,16,1,542665.3674668074,428399.7463938618,0
quent-log/noop,16,1,2009927.5749732382,,
quent-log/postcard,16,1,341170.055625879,320019.7735353767,0
quent-span/grpc,16,1,688309.671550942,255550.75635920212,0
quent-span/msgpack,16,1,262350.84213562397,239599.87040158018,0
quent-span/ndjson,16,1,513788.01768303505,391245.34463448793,0
quent-span/noop,16,1,1831322.7878356457,,
quent-span/postcard,16,1,338196.3161069371,309912.30320906744,0
tracing-log/file,16,1,296627.1974700633,296627.1687420839,0.000009684877055882168
tracing-span/file,16,1,180702.94861735537,180702.93744984004,0.000006180040457159919
otel-log/grpc,16,2,1416389.0461513516,112289.55321955714,92.07212499103454
otel-log/noop,16,2,945215.9963784163,,
otel-span/grpc,16,2,2167133.066390144,127065.58644280635,94.13669661482933
otel-span/noop,16,2,1476314.1621073307,,
quent-log/grpc,16,2,1883389.2271305793,368953.75922514475,0
quent-log/msgpack,16,2,1145996.3424793293,731488.5607803614,0
quent-log/ndjson,16,2,1232978.3721556065,689487.9204758698,0
quent-log/noop,16,2,3672834.0774066676,,
quent-log/postcard,16,2,1181443.4735413522,826472.9531864342,0
quent-span/grpc,16,2,1303416.9698898974,286914.80542293546,0
quent-span/msgpack,16,2,906777.8815229908,610595.847237322,0
quent-span/ndjson,16,2,1299225.2619073289,647364.260878646,0
quent-span/noop,16,2,3417709.4655047758,,
quent-span/postcard,16,2,854530.4879799812,632102.727782875,0
tracing-log/file,16,2,585462.3167716971,585462.1947469823,0.000020842454129255117
tracing-span/file,16,2,358795.9455836413,358795.9037449237,0.000011660866883200782
otel-log/grpc,16,4,3041139.8233417384,129768.71897320687,95.73289205655098
otel-log/noop,16,4,2110371.7169383783,,
otel-span/grpc,16,4,4160243.2857022365,114946.40382204523,97.23702687732016
otel-span/noop,16,4,3125323.5735395416,,
quent-log/grpc,16,4,3058639.087717337,386437.3277444139,0
quent-log/msgpack,16,4,2166368.3384296806,991611.1678422878,0
quent-log/ndjson,16,4,2276956.063991268,861027.2168524849,0
quent-log/noop,16,4,7028898.465544371,,
quent-log/postcard,16,4,2278765.774152199,1167859.3532499424,0
quent-span/grpc,16,4,2240524.5845962674,272514.51955180056,0
quent-span/msgpack,16,4,1675665.5646643701,761513.5029392604,0
quent-span/ndjson,16,4,2460265.0434920425,806679.2981351244,0
quent-span/noop,16,4,6291790.168609123,,
quent-span/postcard,16,4,2068322.1321211,995099.888330786,0
tracing-log/file,16,4,1235102.529087645,1235101.9364396264,0.00004798371022740611
tracing-span/file,16,4,713915.9379560703,713915.7720565817,0.000023237958390875946
otel-log/grpc,16,8,6887390.426138171,76044.49303634466,98.89588816182469
otel-log/noop,16,8,5893250.688350097,,
otel-span/grpc,16,8,6823105.859842632,125338.93073748585,98.16302233451825
otel-span/noop,16,8,6711714.396095141,,
quent-log/grpc,16,8,3679993.735767463,387378.47204460314,0
quent-log/msgpack,16,8,3466585.84853304,1078252.1623883469,0
quent-log/ndjson,16,8,3251833.481678454,926518.1687787735,0
quent-log/noop,16,8,4400740.359434517,,
quent-log/postcard,16,8,4040429.605304089,1484240.5296053402,0
quent-span/grpc,16,8,3568474.613632511,300406.2252042308,0
quent-span/msgpack,16,8,2759701.659085308,868380.0933935062,0
quent-span/ndjson,16,8,3326237.1888082875,861031.6721257417,0
quent-span/noop,16,8,4956854.288665745,,
quent-span/postcard,16,8,3060014.2619614718,969248.5429228499,0
tracing-log/file,16,8,2344869.503902724,1547794.1951782939,33.99230990883731
tracing-span/file,16,8,1389839.4435167927,1124117.457292922,19.11889804706497
otel-log/grpc,16,16,12845372.40385229,119640.81782231841,99.06860763502318
otel-log/noop,16,16,11145561.857051894,,
otel-span/grpc,16,16,9653301.763690088,34610.32145976666,99.64146649191109
otel-span/noop,16,16,9356597.327418964,,
quent-log/grpc,16,16,3676115.2619619407,405360.41839661484,0
quent-log/msgpack,16,16,3287870.3282880657,1088904.8654825594,0
quent-log/ndjson,16,16,2969401.165781256,928209.5560645936,0
quent-log/noop,16,16,3850009.1120090657,,
quent-log/postcard,16,16,3858688.223465093,1503211.1299273309,0
quent-span/grpc,16,16,3644608.715382342,305657.2312660954,0
quent-span/msgpack,16,16,3583232.256771328,931544.0334902748,0
quent-span/ndjson,16,16,3316064.5898484644,843455.1202089412,0
quent-span/noop,16,16,3962045.293915584,,
quent-span/postcard,16,16,3473933.629087599,1065142.0694587324,0
tracing-log/file,16,16,4141956.848004223,1604434.9407884586,61.26384219667702
tracing-span/file,16,16,2145194.218569437,903007.3067535092,57.90556869225125
otel-log/grpc,16,32,15522496.587437335,52695.86178447931,99.66051941781629
otel-log/noop,16,32,7973109.571733987,,
otel-span/grpc,16,32,8947034.072743816,121965.48413661873,98.63680541344787
otel-span/noop,16,32,9053735.563824302,,
quent-log/grpc,16,32,3677183.5021867803,408496.47237724223,0
quent-log/msgpack,16,32,3659947.2651740364,1158568.3606219986,0
quent-log/ndjson,16,32,3575360.746793322,968649.1149071148,0
quent-log/noop,16,32,4116496.784916186,,
quent-log/postcard,16,32,3457865.823678629,1456582.804987113,0
quent-span/grpc,16,32,3013162.118872958,300539.3048142181,0
quent-span/msgpack,16,32,3665003.7146003773,907054.1017888549,0
quent-span/ndjson,16,32,2066799.050726223,746978.0550859773,0
quent-span/noop,16,32,4282228.728935551,,
quent-span/postcard,16,32,2906174.0107696443,1132455.2937849157,0
tracing-log/file,16,32,4950213.585751786,1732521.555791845,65.00107468537182
tracing-span/file,16,32,3285104.3657289343,1183715.8917998583,63.967175467887984
otel-log/grpc,32,1,404654.73426303064,101089.0151490328,75.0184523769037
otel-log/noop,32,1,196303.70039602052,,
otel-span/grpc,32,1,684821.5132569461,81285.09246281686,88.13047036501048
otel-span/noop,32,1,248104.207066754,,
quent-log/grpc,32,1,171054.39094538114,132660.46246946097,0
quent-log/msgpack,32,1,165334.726568512,154435.06688395728,0
quent-log/ndjson,32,1,304018.89051534893,250975.09398798607,0
quent-log/noop,32,1,850555.5157327827,,
quent-log/postcard,32,1,165040.85585231337,158541.45070426047,0
quent-span/grpc,32,1,371626.8106116243,176091.08510853222,0
quent-span/msgpack,32,1,157378.23793607412,145242.78127874192,0
quent-span/ndjson,32,1,305243.52653325937,239610.04320397187,0
quent-span/noop,32,1,777286.6315579483,,
quent-span/postcard,32,1,156555.4258883849,146522.65580381767,0
tracing-log/file,32,1,180699.89812470425,180699.8875126576,0.000005872746344781632
tracing-span/file,32,1,114090.0627105636,114090.05847367922,0.000003713631380186655
otel-log/grpc,32,2,879888.6471352791,81660.98853332756,90.71916784024916
otel-log/noop,32,2,600496.1678251653,,
otel-span/grpc,32,2,1566438.3809859944,76053.84488506788,95.14479178956303
otel-span/noop,32,2,975972.8475140637,,
quent-log/grpc,32,2,532378.3478002496,207154.61380567073,0
quent-log/msgpack,32,2,638035.6863721088,406527.478709853,0
quent-log/ndjson,32,2,826356.7011935685,427558.60618393036,0
quent-log/noop,32,2,1623520.1322775367,,
quent-log/postcard,32,2,625883.3328138137,451219.5123409429,0
quent-span/grpc,32,2,817425.2101504168,179504.60529947362,0
quent-span/msgpack,32,2,496103.6574380908,331929.2524033045,0
quent-span/ndjson,32,2,767695.9931728243,396671.67490307667,0
quent-span/noop,32,2,1487143.4496898535,,
quent-span/postcard,32,2,631564.2634328158,434828.38884634856,0
tracing-log/file,32,2,328471.46092414536,328471.4259127081,0.000010658897775517318
tracing-span/file,32,2,231227.27628899785,231227.25880559976,0.000007561131354361095
otel-log/grpc,32,4,1907338.0208873618,85166.83266246754,95.53478032054093
otel-log/noop,32,4,1388294.2352273732,,
otel-span/grpc,32,4,3232412.752525135,64709.21484000778,97.99811410874253
otel-span/noop,32,4,2565638.075465773,,
quent-log/grpc,32,4,1202523.2299619552,229186.00719395553,0
quent-log/msgpack,32,4,1446169.0383820818,594770.711844656,0
quent-log/ndjson,32,4,1593258.4036545944,479817.9852696862,0
quent-log/noop,32,4,3028870.507639651,,
quent-log/postcard,32,4,1296492.3014429754,675824.3842101687,0
quent-span/grpc,32,4,1690883.790353281,183471.63964324692,0
quent-span/msgpack,32,4,1272943.1121513145,456477.3709391053,0
quent-span/ndjson,32,4,1583863.9037191435,492894.26511654624,0
quent-span/noop,32,4,2818305.6590161435,,
quent-span/postcard,32,4,1274630.3823312083,558446.5439622009,0
tracing-log/file,32,4,646395.5413228278,646395.4044844501,0.000021169449504476745
tracing-span/file,32,4,452723.18190043437,452723.11508404504,0.000014758773569933936
otel-log/grpc,32,8,3302879.518072886,71468.02141218306,97.83619048102965
otel-log/noop,32,8,2982847.8686035946,,
otel-span/grpc,32,8,5597913.834407994,64509.37310814822,98.8476176122677
otel-span/noop,32,8,5410409.18578406,,
quent-log/grpc,32,8,2957683.169873276,241363.0572686585,0
quent-log/msgpack,32,8,2620875.0453896243,718148.8359038613,0
quent-log/ndjson,32,8,2986042.389833878,545685.6923577557,0
quent-log/noop,32,8,5725717.6494261725,,
quent-log/postcard,32,8,2890044.557016304,909940.7287949242,0
quent-span/grpc,32,8,2871158.627165781,184871.91166839362,0
quent-span/msgpack,32,8,2453788.0790244215,577751.8523445853,0
quent-span/ndjson,32,8,2805955.8174365344,514324.0390533145,0
quent-span/noop,32,8,5384493.603937737,,
quent-span/postcard,32,8,2417708.048068968,689608.1057093949,0
tracing-log/file,32,8,1369515.6960758853,1225984.6786430688,10.480421498204095
tracing-span/file,32,8,963750.0185533925,963749.8485804425,0.000017636622229311172
otel-log/grpc,32,16,7516668.701428884,55334.61253247306,99.26384127423424
otel-log/noop,32,16,5049180.533147012,,
otel-span/grpc,32,16,8359301.678148621,69041.18917925218,99.1740794645595
otel-span/noop,32,16,8361149.204506887,,
quent-log/grpc,32,16,3332557.136342184,221435.7138383121,0
quent-log/msgpack,32,16,3876642.9195732838,735271.0152695669,0
quent-log/ndjson,32,16,3739549.872289043,575851.7036656295,0
quent-log/noop,32,16,3868372.625441774,,
quent-log/postcard,32,16,3629071.004982502,927695.3583664,0
quent-span/grpc,32,16,3701784.7396256234,196483.95207777194,0
quent-span/msgpack,32,16,3751761.69363482,625537.9878865826,0
quent-span/ndjson,32,16,3258580.6036078706,537298.0310033166,0
quent-span/noop,32,16,3842693.1462654974,,
quent-span/postcard,32,16,2898708.477394253,701379.1104878174,0
tracing-log/file,32,16,2333106.1972791567,1214449.9458871027,47.94707813543244
tracing-span/file,32,16,1681700.6514670365,934949.4366632637,44.40452670053627
otel-log/grpc,32,32,8405265.207739849,61250.290994450865,99.2712866342629
otel-log/noop,32,32,6890281.116889351,,
otel-span/grpc,32,32,8577823.571727935,37297.80067086042,99.5651834016056
otel-span/noop,32,32,8935532.208161587,,
quent-log/grpc,32,32,3932895.5749188657,245861.16606200373,0
quent-log/msgpack,32,32,4060528.775700548,750583.4084052473,0
quent-log/ndjson,32,32,3585173.087908254,572342.1156234764,0
quent-log/noop,32,32,4208196.826354277,,
quent-log/postcard,32,32,3938103.1938513103,937429.7390551643,0
quent-span/grpc,32,32,3258412.709638189,189916.05297391137,0
quent-span/msgpack,32,32,2822768.345597716,611037.0551512984,0
quent-span/ndjson,32,32,2229384.3746664943,487311.0382312005,0
quent-span/noop,32,32,4189336.2999978694,,
quent-span/postcard,32,32,2860504.043381821,713714.9543974971,0
tracing-log/file,32,32,2984132.540676509,751264.1529879129,74.82470558034933
tracing-span/file,32,32,2262429.324323842,542953.9163284193,76.00128717874144
